id;name;description;created;updated
1;installation Fresh artificial;parsing program Palestinian;2021-05-12T19:37:57;2021-05-13T05:40:17
2;Indiana Haven;Tools Industrial;2021-05-12T17:19:16;2021-05-12T10:19:31
3;Kina up mobile;Associate Developer;2021-05-12T11:05:43;2021-05-13T02:07:55
4;Plastic Springs;Dollar dot-com Berkshire;2021-05-12T15:32:17;2021-05-12T09:04:35
5;optimizing;Quetzal pixel;2021-05-12T12:00:04;2021-05-13T07:41:37
6;feed Gloves Zambia;Mouse Hat;2021-05-12T09:56:23;2021-05-12T08:43:03
7;microchip solution-oriented;Bhutan Ergonomic value-added;2021-05-12T15:11:30;2021-05-13T01:45:00
8;JBOD intranet hierarchy;functionalities sticky Pants;2021-05-13T08:23:15;2021-05-12T09:13:45
9;encompassing;Ergonomic Mississippi Directives;2021-05-12T23:08:37;2021-05-12T17:09:04
10;Shores;discrete protocol;2021-05-12T13:12:40;2021-05-12T12:20:54
